{"accuracy": 0.6177332774964784, "recall": 0.6020992366412213, "precision": 0.06153096050706972}